"pga_player_id","pga_display_name","pga_first_name","pga_last_name","pga_country","dg_id","dg_player_name","dg_country","n_rounds_hist","match_method","confidence"
"23778","Brad Adamonis","Brad","Adamonis","United States",7612,"Adamonis, Brad",NA,4,"last_first_exact",1
"24461","Thomas Aiken","Thomas","Aiken","South Africa",7679,"Aiken, Thomas",NA,12,"last_first_exact",1
"67118","Kihei Akina","Kihei","Akina","United States",32652,"Akina, Kihei",NA,8,"last_first_exact",1
"49303","Anders Albertson","Anders","Albertson","United States",21235,"Albertson, Anders",NA,75,"last_first_exact",1
"33408","Tyson Alexander","Tyson","Alexander","United States",14002,"Alexander, Tyson",NA,179,"last_first_exact",1
"20771","Steven Alker","Steven","Alker","New Zealand",4871,"Alker, Steven",NA,2,"last_first_exact",1
"33948","Byeong Hun An","Byeong Hun","An","Republic of Korea",14459,"An, Byeong Hun",NA,278,"last_first_exact",1
"45526","Abraham Ancer","Abraham","Ancer","Mexico",18238,"Ancer, Abraham",NA,70,"last_first_exact",1
"52370","Mason Andersen","Mason","Andersen","United States",23540,"Andersen, Mason",NA,72,"last_first_exact",1
"01024","Billy Andrade","Billy","Andrade","United States",708,"Andrade, Billy",NA,2,"last_first_exact",1
"30978","Kiradech Aphibarnrat","Kiradech","Aphibarnrat","Thailand",12321,"Aphibarnrat, Kiradech",NA,57,"last_first_exact",1
"19803","Ryan Armour","Ryan","Armour","United States",8469,"Armour, Ryan",NA,148,"last_first_exact",1
"47125","Matt Atkins","Matt","Atkins","United States",19360,"Atkins, Matt",NA,20,"last_first_exact",1
"21407","Arjun Atwal","Arjun","Atwal","India",5701,"Atwal, Arjun",NA,35,"last_first_exact",1
"65871","Thomas Avant","Thomas","Avant","United States",31585,"Avant, Thomas",NA,2,"last_first_exact",1
"23048","Eric Axley","Eric","Axley","United States",8024,"Axley, Eric",NA,6,"last_first_exact",1
"22371","Aaron Baddeley","Aaron","Baddeley","Australia",6252,"Baddeley, Aaron",NA,240,"last_first_exact",1
"28259","Sangmoon Bae","Sangmoon","Bae","Republic of Korea",10081,"Bae, Sangmoon",NA,54,"last_first_exact",1
"33404","Chris Baker","Chris","Baker","United States",13971,"Baker, Chris",NA,10,"last_first_exact",1
"37212","Paul Barjon","Paul","Barjon","France",16566,"Barjon, Paul",NA,124,"last_first_exact",1
"34374","Erik Barnes","Erik","Barnes","United States",14799,"Barnes, Erik",NA,114,"last_first_exact",1
"24846","Ricky Barnes","Ricky","Barnes","United States",6846,"Barnes, Ricky",NA,73,"last_first_exact",1
"48001","Zach Bauchou","Zach","Bauchou","United States",19846,"Bauchou, Zach",NA,40,"last_first_exact",1
"12652","Cameron Beckman","Cameron","Beckman","United States",3869,"Beckman, Cameron",NA,1,"last_first_exact",1
"23614","Rich Beem","Rich","Beem","United States",6301,"Beem, Rich",NA,4,"last_first_exact",1
"32334","Charlie Beljan","Charlie","Beljan","United States",13118,"Beljan, Charlie",NA,6,"last_first_exact",1
"63931","Daniel Bennett","Daniel","Bennett","South Africa",30332,"Bennett, Daniel",NA,4,"last_first_exact",1
"40026","Daniel Berger","Daniel","Berger","United States",17606,"Berger, Daniel",NA,228,"last_first_exact",1
"70106","Carson Bertagnole","Carson","Bertagnole","United States",34966,"Bertagnole, Carson",NA,2,"last_first_exact",1
"66506","Josh Bevell","Josh","Bevell","United States",32185,"Bevell, Josh",NA,2,"last_first_exact",1
"45522","Christiaan Bezuidenhout","Christiaan","Bezuidenhout","South Africa",18103,"Bezuidenhout, Christiaan",NA,356,"last_first_exact",1
"56630","Akshay Bhatia","Akshay","Bhatia","United States",26096,"Bhatia, Akshay",NA,295,"last_first_exact",1
"28697","Gaganjeet Bhullar","Gaganjeet","Bhullar","India",10766,"Bhullar, Gaganjeet",NA,4,"last_first_exact",1
"55930","Fred Biondi","Fred","Biondi","Brazil",25614,"Biondi, Fred",NA,42,"last_first_exact",1
"33803","Lucas Bjerregaard","Lucas","Bjerregaard","Denmark",11619,"Bjerregaard, Lucas",NA,8,"last_first_exact",1
"40058","Zac Blair","Zac","Blair","United States",17639,"Blair, Zac",NA,245,"last_first_exact",1
"01098","Jay Don Blake","Jay Don","Blake","United States",612,"Blake, Jay Don",NA,2,"last_first_exact",1
"54788","Chandler Blanchet","Chandler","Blanchet","United States",24956,"Blanchet, Chandler",NA,31,"last_first_exact",1
"27958","Ryan Blaum","Ryan","Blaum","United States",9643,"Blaum, Ryan",NA,23,"last_first_exact",1
"27895","Jonas Blixt","Jonas","Blixt","Sweden",8182,"Blixt, Jonas",NA,78,"last_first_exact",1
"22764","Michael Block","Michael","Block","United States",12333,"Block, Michael",NA,35,"last_first_exact",1
"24507","Jason Bohn","Jason","Bohn","United States",6462,"Bohn, Jason",NA,10,"last_first_exact",1
"06214","Guy Boros","Guy","Boros","United States",4650,"Boros, Guy",NA,2,"last_first_exact",1
"40009","Dominic Bozzelli","Dominic","Bozzelli","United States",17564,"Bozzelli, Dominic",NA,4,"last_first_exact",1
"33141","Keegan Bradley","Keegan","Bradley","United States",13872,"Bradley, Keegan",NA,339,"last_first_exact",1
"34255","Joseph Bramlett","Joseph","Bramlett","United States",14698,"Bramlett, Joseph",NA,298,"last_first_exact",1
"28420","Ryan Brehm","Ryan","Brehm","United States",10423,"Brehm, Ryan",NA,211,"last_first_exact",1
"61522","Michael Brennan","Michael","Brennan","United States",29197,"Brennan, Michael",NA,49,"last_first_exact",1
"60004","Jacob Bridgeman","Jacob","Bridgeman","United States",29433,"Bridgeman, Jacob",NA,222,"last_first_exact",1
"66417","Blades Brown","Blades","Brown","United States",32152,"Brown, Blades",NA,41,"last_first_exact",1
"57259","Dan Brown","Dan","Brown","England",20766,"Brown, Dan",NA,21,"last_first_exact",1
"29479","Scott Brown","Scott","Brown","United States",11330,"Brown, Scott",NA,80,"last_first_exact",1
"01139","Olin Browne","Olin","Browne","United States",2130,"Browne, Olin",NA,2,"last_first_exact",1
"48084","Wesley Bryan","Wesley","Bryan","United States",21236,"Bryan, Wesley",NA,168,"last_first_exact",1
"55708","Hayden Buckley","Hayden","Buckley","United States",25363,"Buckley, Hayden",NA,309,"last_first_exact",1
"29268","Bronson Burgoon","Bronson","Burgoon","United States",11082,"Burgoon, Bronson",NA,62,"last_first_exact",1
"33974","Dean Burmester","Dean","Burmester","South Africa",14424,"Burmester, Dean",NA,67,"last_first_exact",1
"47504","Sam Burns","Sam","Burns","United States",19483,"Burns, Sam",NA,358,"last_first_exact",1
"24925","Jonathan Byrd","Jonathan","Byrd","United States",6931,"Byrd, Jonathan",NA,157,"last_first_exact",1
"58816","Marcus Byrd","Marcus","Byrd","United States",29304,"Byrd, Marcus",NA,26,"last_first_exact",1
"70036","Anson Cabello","Anson","Cabello","United States",34840,"Cabello, Anson",NA,2,"last_first_exact",1
"26499","Rafa Cabrera Bello","Rafa","Cabrera Bello","Spain",7457,"Cabrera Bello, Rafa",NA,36,"last_first_exact",1
"01161","Mark Calcavecchia","Mark","Calcavecchia","United States",30,"Calcavecchia, Mark",NA,2,"last_first_exact",1
"46443","Brian Campbell","Brian","Campbell","United States",18628,"Campbell, Brian",NA,94,"last_first_exact",1
"12510","Chad Campbell","Chad","Campbell","United States",6248,"Campbell, Chad",NA,2,"last_first_exact",1
"32367","Jorge Campillo","Jorge","Campillo","Spain",14016,"Campillo, Jorge",NA,62,"last_first_exact",1
"32070","Rafael Campos","Rafael","Campos","Puerto Rico",12909,"Campos, Rafael",NA,183,"last_first_exact",1
"35450","Patrick Cantlay","Patrick","Cantlay","United States",15466,"Cantlay, Patrick",NA,315,"last_first_exact",1
"49590","Frankie Capan III","Frankie","Capan III","United States",21412,"Capan III, Frankie",NA,100,"last_first_exact",1
"34314","Sebastian Cappelen","Sebastian","Cappelen","Denmark",14776,"Cappelen, Sebastian",NA,4,"last_first_exact",1
"25364","Paul Casey","Paul","Casey","England",7108,"Casey, Paul",NA,16,"last_first_exact",1
"59440","Ricky Castillo","Ricky","Castillo","United States",27819,"Castillo, Ricky",NA,125,"last_first_exact",1
"45734","John Catlin","John","Catlin","United States",18524,"Catlin, John",NA,16,"last_first_exact",1
"34021","Bud Cauley","Bud","Cauley","United States",14502,"Cauley, Bud",NA,153,"last_first_exact",1
"20472","Alex Cejka","Alex","Cejka","Germany",4425,"Cejka, Alex",NA,9,"last_first_exact",1
"57492","Eugenio Chacarra","Eugenio","Chacarra","Spain",26745,"Chacarra, Eugenio",NA,12,"last_first_exact",1
"20593","Greg Chalmers","Greg","Chalmers","Australia",5625,"Chalmers, Greg",NA,68,"last_first_exact",1
"52372","Cameron Champ","Cameron","Champ","United States",23542,"Champ, Cameron",NA,250,"last_first_exact",1
"58933","Will Chandler","Will","Chandler","United States",31212,"Chandler, Will",NA,85,"last_first_exact",1
"32366","Kevin Chappell","Kevin","Chappell","United States",13305,"Chappell, Kevin",NA,181,"last_first_exact",1
"59006","Davis Chatfield","Davis","Chatfield","United States",30620,"Chatfield, Davis",NA,26,"last_first_exact",1
"34306","John Chin","John","Chin","United States",14797,"Chin, John",NA,2,"last_first_exact",1
"24357","K.J. Choi","K.J.","Choi","Republic of Korea",1804,"Choi, K.J.",NA,14,"last_first_exact",1
"20850","Daniel Chopra","Daniel","Chopra","Sweden",2035,"Chopra, Daniel",NA,8,"last_first_exact",1
"20229","Stewart Cink","Stewart","Cink","United States",5665,"Cink, Stewart",NA,193,"last_first_exact",1
"66743","Luke Clanton","Luke","Clanton","United States",32330,"Clanton, Luke",NA,105,"last_first_exact",1
"51766","Wyndham Clark","Wyndham","Clark","United States",23604,"Clark, Wyndham",NA,379,"last_first_exact",1
"19825","Darren Clarke","Darren","Clarke","Northern Ireland",3523,"Clarke, Darren",NA,10,"last_first_exact",1
"28937","George Coetzee","George","Coetzee","South Africa",10884,"Coetzee, George",NA,2,"last_first_exact",1
"47591","Eric Cole","Eric","Cole","United States",21756,"Cole, Eric",NA,372,"last_first_exact",1
"25720","Chad Collins","Chad","Collins","United States",7744,"Collins, Chad",NA,8,"last_first_exact",1
"23452","Nicolas Colsaerts","Nicolas","Colsaerts","Belgium",6893,"Colsaerts, Nicolas",NA,2,"last_first_exact",1
"24494","Erik Compton","Erik","Compton","United States",6556,"Compton, Erik",NA,22,"last_first_exact",1
"49453","Trevor Cone","Trevor","Cone","United States",21880,"Cone, Trevor",NA,169,"last_first_exact",1
"39997","Corey Conners","Corey","Conners","Canada",17576,"Conners, Corey",NA,363,"last_first_exact",1
"59442","Parker Coody","Parker","Coody","United States",27870,"Coody, Parker",NA,62,"last_first_exact",1
"59836","Pierceson Coody","Pierceson","Coody","United States",28309,"Coody, Pierceson",NA,190,"last_first_exact",1
"46435","Austin Cook","Austin","Cook","United States",18579,"Cook, Austin",NA,225,"last_first_exact",1
"11123","Chris Couch","Chris","Couch","United States",4614,"Couch, Chris",NA,2,"last_first_exact",1
"01226","Fred Couples","Fred","Couples","United States",44,"Couples, Fred",NA,10,"last_first_exact",1
"23541","Ben Crane","Ben","Crane","United States",6674,"Crane, Ben",NA,70,"last_first_exact",1
"52514","Trace Crowe","Trace","Crowe","United States",27780,"Crowe, Trace",NA,98,"last_first_exact",1
"58605","Quade Cummins","Quade","Cummins","United States",27996,"Cummins, Quade",NA,96,"last_first_exact",1
"39067","MJ Daffue","MJ","Daffue","South Africa",17068,"Daffue, MJ",NA,148,"last_first_exact",1
"34076","Joel Dahmen","Joel","Dahmen","United States",14509,"Dahmen, Joel",NA,358,"last_first_exact",1
"01249","John Daly","John","Daly","United States",863,"Daly, John",NA,12,"last_first_exact",1
"51431","John Daly II","John","Daly II","United States",32432,"Daly II, John",NA,4,"last_first_exact",1
"21753","Brian Davis","Brian","Davis","England",5663,"Davis, Brian",NA,30,"last_first_exact",1
"45157","Cam Davis","Cam","Davis","Australia",17786,"Davis, Cam",NA,308,"last_first_exact",1
"28089","Jason Day","Jason","Day","Australia",9771,"Day, Jason",NA,298,"last_first_exact",1
"23638","Brendon de Jonge","Brendon","de Jonge","Zimbabwe",8767,"de Jonge, Brendon",NA,2,"last_first_exact",1
"47959","Bryson DeChambeau","Bryson","DeChambeau","United States",19841,"DeChambeau, Bryson",NA,62,"last_first_exact",1
"39859","Cristobal Del Solar","Cristobal","Del Solar","Chile",17422,"Del Solar, Cristobal",NA,78,"last_first_exact",1
"33653","Thomas Detry","Thomas","Detry","Belgium",14181,"Detry, Thomas",NA,271,"last_first_exact",1
"51690","Taylor Dickson","Taylor","Dickson","United States",27420,"Dickson, Taylor",NA,81,"last_first_exact",1
"36983","Matt Dobyns","Matt","Dobyns","United States",7466,"Dobyns, Matt",NA,2,"last_first_exact",1
"23983","Luke Donald","Luke","Donald","England",4163,"Donald, Luke",NA,132,"last_first_exact",1
"25369","Jamie Donaldson","Jamie","Donaldson","Wales",7084,"Donaldson, Jamie",NA,8,"last_first_exact",1
"37338","Zecheng Dou","Zecheng","Dou","People’s Rep of China",16757,"Dou, Zecheng",NA,167,"last_first_exact",1
"47663","Kevin Dougherty","Kevin","Dougherty","United States",19738,"Dougherty, Kevin",NA,69,"last_first_exact",1
"35110","Brett Drewitt","Brett","Drewitt","Australia",15162,"Drewitt, Brett",NA,62,"last_first_exact",1
"25686","Jason Dufner","Jason","Dufner","United States",7301,"Dufner, Jason",NA,176,"last_first_exact",1
"50497","Adrien Dumont de Chassart","Adrien","Dumont de Chassart","Belgium",22002,"Dumont de Chassart, Adrien",NA,123,"last_first_exact",1
"45609","Tyler Duncan","Tyler","Duncan","United States",18187,"Duncan, Tyler",NA,260,"last_first_exact",1
"59866","Nick Dunlap","Nick","Dunlap","United States",28270,"Dunlap, Nick",NA,175,"last_first_exact",1
"09011","David Duval","David","Duval","United States",4761,"Duval, David",NA,4,"last_first_exact",1
"51349","Nico Echavarria","Nico","Echavarria","Colombia",22833,"Echavarria, Nico",NA,274,"last_first_exact",1
"57362","Austin Eckroat","Austin","Eckroat","United States",26653,"Eckroat, Austin",NA,312,"last_first_exact",1
"06522","Ernie Els","Ernie","Els","South Africa",874,"Els, Ernie",NA,9,"last_first_exact",1
"47079","Harrison Endycott","Harrison","Endycott","Australia",19208,"Endycott, Harrison",NA,160,"last_first_exact",1
"34099","Harris English","Harris","English","United States",14577,"English, Harris",NA,342,"last_first_exact",1
"37273","Derek Ernst","Derek","Ernst","United States",16711,"Ernst, Derek",NA,46,"last_first_exact",1
"28307","Matt Every","Matt","Every","United States",10185,"Every, Matt",NA,21,"last_first_exact",1
"50286","A.J. Ewart","A.J.","Ewart","Canada",21883,"Ewart, A.J.",NA,38,"last_first_exact",1
"68932","Ethan Fang","Ethan","Fang","United States",34025,"Fang, Ethan",NA,4,"last_first_exact",1
"29725","Tony Finau","Tony","Finau","United States",11676,"Finau, Tony",NA,353,"last_first_exact",1
"54576","Patrick Fishburn","Patrick","Fishburn","United States",25094,"Fishburn, Patrick",NA,183,"last_first_exact",1
"27896","Ross Fisher","Ross","Fisher","England",9396,"Fisher, Ross",NA,4,"last_first_exact",1
"57123","Steven Fisk","Steven","Fisk","United States",26657,"Fisk, Steven",NA,115,"last_first_exact",1
"40098","Matt Fitzpatrick","Matt","Fitzpatrick","England",17646,"Fitzpatrick, Matt",NA,299,"last_first_exact",1
"30911","Tommy Fleetwood","Tommy","Fleetwood","England",12294,"Fleetwood, Tommy",NA,287,"last_first_exact",1
"65256","David Ford","David","Ford","United States",31343,"Ford, David",NA,68,"last_first_exact",1
"32102","Rickie Fowler","Rickie","Fowler","United States",12965,"Fowler, Rickie",NA,338,"last_first_exact",1
"29936","Ryan Fox","Ryan","Fox","New Zealand",11889,"Fox, Ryan",NA,220,"last_first_exact",1
"12823","Carlos Franco","Carlos","Franco","Paraguay",3436,"Franco, Carlos",NA,6,"last_first_exact",1
"29970","Dylan Frittelli","Dylan","Frittelli","South Africa",11955,"Frittelli, Dylan",NA,181,"last_first_exact",1
"01378","David Frost","David","Frost","South Africa",440,"Frost, David",NA,2,"last_first_exact",1
"56149","Wilson Furr","Wilson","Furr","United States",25771,"Furr, Wilson",NA,67,"last_first_exact",1
"10809","Jim Furyk","Jim","Furyk","United States",2881,"Furyk, Jim",NA,10,"last_first_exact",1
"30750","Tommy Gainey","Tommy","Gainey","United States",12169,"Gainey, Tommy",NA,107,"last_first_exact",1
"20376","Stephen Gallacher","Stephen","Gallacher","Scotland",5647,"Gallacher, Stephen",NA,4,"last_first_exact",1
"01388","Robert Gamez","Robert","Gamez","United States",2878,"Gamez, Robert",NA,2,"last_first_exact",1
"46523","Joey Garber","Joey","Garber","United States",18658,"Garber, Joey",NA,4,"last_first_exact",1
"21209","Sergio Garcia","Sergio","Garcia","Spain",5689,"Garcia, Sergio",NA,50,"last_first_exact",1
"29535","Brice Garnett","Brice","Garnett","United States",11451,"Garnett, Brice",NA,298,"last_first_exact",1
"24358","Robert Garrigus","Robert","Garrigus","United States",6789,"Garrigus, Robert",NA,57,"last_first_exact",1
"32698","Bobby Gates","Bobby","Gates","United States",13433,"Gates, Bobby",NA,2,"last_first_exact",1
"19846","Brian Gay","Brian","Gay","United States",5951,"Gay, Brian",NA,67,"last_first_exact",1
"49893","Mark Geddes","Mark","Geddes","England",21886,"Geddes, Mark",NA,4,"last_first_exact",1
"59018","Ryan Gerard","Ryan","Gerard","United States",29767,"Gerard, Ryan",NA,212,"last_first_exact",1
"52375","Doug Ghim","Doug","Ghim","United States",24550,"Ghim, Doug",NA,368,"last_first_exact",1
"32618","Rhein Gibson","Rhein","Gibson","Australia",13342,"Gibson, Rhein",NA,9,"last_first_exact",1
"32662","Michael Gligic","Michael","Gligic","Canada",13404,"Gligic, Michael",NA,154,"last_first_exact",1
"25900","Lucas Glover","Lucas","Glover","United States",7399,"Glover, Lucas",NA,363,"last_first_exact",1
"10201","Matt Gogel","Matt","Gogel","United States",5466,"Gogel, Matt",NA,2,"last_first_exact",1
"59567","Emilio Gonzalez","Emilio","Gonzalez","Mexico",28016,"Gonzalez, Emilio",NA,28,"last_first_exact",1
"46402","Talor Gooch","Talor","Gooch","United States",18580,"Gooch, Talor",NA,59,"last_first_exact",1
"55165","Noah Goodwin","Noah","Goodwin","United States",24837,"Goodwin, Noah",NA,87,"last_first_exact",1
"56762","Will Gordon","Will","Gordon","United States",26660,"Gordon, Will",NA,229,"last_first_exact",1
"22892","Jason Gore","Jason","Gore","United States",6321,"Gore, Jason",NA,2,"last_first_exact",1
"59095","Chris Gotterup","Chris","Gotterup","United States",27774,"Gotterup, Chris",NA,225,"last_first_exact",1
"31577","Tano Goya","Tano","Goya","Argentina",10877,"Goya, Tano",NA,100,"last_first_exact",1
"06643","Paul Goydos","Paul","Goydos","United States",3702,"Goydos, Paul",NA,4,"last_first_exact",1
"29974","Branden Grace","Branden","Grace","South Africa",11952,"Grace, Branden",NA,42,"last_first_exact",1
"51414","Brent Grant","Brent","Grant","United States",22914,"Grant, Brent",NA,95,"last_first_exact",1
"51977","Max Greyserman","Max","Greyserman","United States",23465,"Greyserman, Max",NA,200,"last_first_exact",1
"39954","Cody Gribble","Cody","Gribble","United States",17508,"Gribble, Cody",NA,122,"last_first_exact",1
"54591","Ben Griffin","Ben","Griffin","United States",24968,"Griffin, Ben",NA,373,"last_first_exact",1
"35310","Lanto Griffin","Lanto","Griffin","United States",15330,"Griffin, Lanto",NA,281,"last_first_exact",1
"31646","Emiliano Grillo","Emiliano","Grillo","Argentina",12808,"Grillo, Emiliano",NA,388,"last_first_exact",1
"35539","Luke Guthrie","Luke","Guthrie","United States",15610,"Guthrie, Luke",NA,14,"last_first_exact",1
"24980","Scott Gutschewski","Scott","Gutschewski","United States",7305,"Gutschewski, Scott",NA,103,"last_first_exact",1
"24924","Bill Haas","Bill","Haas","United States",7900,"Haas, Bill",NA,160,"last_first_exact",1
"34563","Chesson Hadley","Chesson","Hadley","United States",14967,"Hadley, Chesson",NA,271,"last_first_exact",1
"33399","Adam Hadwin","Adam","Hadwin","Canada",13965,"Hadwin, Adam",NA,344,"last_first_exact",1
"46550","Brandon Hagy","Brandon","Hagy","United States",18695,"Hagy, Brandon",NA,62,"last_first_exact",1
"32448","James Hahn","James","Hahn","United States",11374,"Hahn, James",NA,220,"last_first_exact",1
"60767","Blaine Hale, Jr.","Blaine","Hale, Jr.","United States",29348,"Hale, Jr., Blaine",NA,63,"last_first_exact",1
"35901","Paul Haley II","Paul","Haley II","United States",16039,"Haley II, Paul",NA,108,"last_first_exact",1
"57975","Harry Hall","Harry","Hall","England",27194,"Hall, Harry",NA,307,"last_first_exact",1
"01473","Todd Hamilton","Todd","Hamilton","United States",915,"Hamilton, Todd",NA,2,"last_first_exact",1
"47987","Cole Hammer","Cole","Hammer","United States",19864,"Hammer, Cole",NA,42,"last_first_exact",1
"27324","Seungsu Han","Seungsu","Han","United States",8046,"Han, Seungsu",NA,2,"last_first_exact",1
"28938","Justin Harding","Justin","Harding","South Africa",10886,"Harding, Justin",NA,10,"last_first_exact",1
"47988","Nick Hardy","Nick","Hardy","United States",19865,"Hardy, Nick",NA,331,"last_first_exact",1
"35421","Brandon Harkins","Brandon","Harkins","United States",15427,"Harkins, Brandon",NA,11,"last_first_exact",1
"27644","Brian Harman","Brian","Harman","United States",8825,"Harman, Brian",NA,377,"last_first_exact",1
"20766","Padraig Harrington","Padraig","Harrington","Ireland",5716,"Harrington, Padraig",NA,74,"last_first_exact",1
"27554","Scott Harrington","Scott","Harrington","United States",8479,"Harrington, Scott",NA,87,"last_first_exact",1
"66248","Justin Hastings","Justin","Hastings","Cayman Islands",31960,"Hastings, Justin",NA,26,"last_first_exact",1
"34363","Tyrrell Hatton","Tyrrell","Hatton","England",14796,"Hatton, Tyrrell",NA,170,"last_first_exact",1
"26758","David Hearn","David","Hearn","Canada",7340,"Hearn, David",NA,47,"last_first_exact",1
"30812","Benjamin Hebert","Benjamin","Hebert","France",12213,"Hebert, Benjamin",NA,4,"last_first_exact",1
"23063","Scott Hend","Scott","Hend","Australia",1888,"Hend, Scott",NA,4,"last_first_exact",1
"34098","Russell Henley","Russell","Henley","United States",14578,"Henley, Russell",NA,309,"last_first_exact",1
"23353","J.J. Henry","J.J.","Henry","United States",6222,"Henry, J.J.",NA,30,"last_first_exact",1
"20433","Mark Hensby","Mark","Hensby","Australia",5859,"Hensby, Mark",NA,12,"last_first_exact",1
"39058","Lucas Herbert","Lucas","Herbert","Australia",17064,"Herbert, Lucas",NA,112,"last_first_exact",1
"31557","Jim Herman","Jim","Herman","United States",12846,"Herman, Jim",NA,138,"last_first_exact",1
"49298","Kramer Hickok","Kramer","Hickok","United States",21237,"Hickok, Kramer",NA,176,"last_first_exact",1
"25444","Justin Hicks","Justin","Hicks","United States",9166,"Hicks, Justin",NA,14,"last_first_exact",1
"35778","Kazuki Higa","Kazuki","Higa","Japan",15756,"Higa, Kazuki",NA,28,"last_first_exact",1
"54421","Garrick Higgo","Garrick","Higgo","South Africa",24342,"Higgo, Garrick",NA,300,"last_first_exact",1
"33597","Harry Higgs","Harry","Higgs","United States",14140,"Higgs, Harry",NA,269,"last_first_exact",1
"60067","Joe Highsmith","Joe","Highsmith","United States",28469,"Highsmith, Joe",NA,187,"last_first_exact",1
"49120","Kensei Hirata","Kensei","Hirata","Japan",20954,"Hirata, Kensei",NA,47,"last_first_exact",1
"51287","Ryo Hisatsune","Ryo","Hisatsune","Japan",22760,"Hisatsune, Ryo",NA,230,"last_first_exact",1
"33490","Bo Hoag","Bo","Hoag","United States",14081,"Hoag, Bo",NA,59,"last_first_exact",1
"35409","Craig Hocknull","Craig","Hocknull","Australia",15428,"Hocknull, Craig",NA,4,"last_first_exact",1
"54628","Lee Hodges","Lee","Hodges","United States",25157,"Hodges, Lee",NA,377,"last_first_exact",1
"51696","Rico Hoey","Rico","Hoey","Philippines",23504,"Hoey, Rico",NA,228,"last_first_exact",1
"12716","Charley Hoffman","Charley","Hoffman","United States",5768,"Hoffman, Charley",NA,270,"last_first_exact",1
"33461","Morgan Hoffmann","Morgan","Hoffmann","United States",14082,"Hoffmann, Morgan",NA,16,"last_first_exact",1
"35532","Tom Hoge","Tom","Hoge","United States",15575,"Hoge, Tom",NA,399,"last_first_exact",1
"27141","J.B. Holmes","J.B.","Holmes","United States",7959,"Holmes, J.B.",NA,48,"last_first_exact",1
"39977","Max Homa","Max","Homa","United States",17538,"Homa, Max",NA,340,"last_first_exact",1
"29420","Billy Horschel","Billy","Horschel","United States",11276,"Horschel, Billy",NA,295,"last_first_exact",1
"47056","Rikuya Hoshino","Rikuya","Hoshino","Japan",19190,"Hoshino, Rikuya",NA,80,"last_first_exact",1
"35461","Beau Hossler","Beau","Hossler","United States",15470,"Hossler, Beau",NA,388,"last_first_exact",1
"46717","Viktor Hovland","Viktor","Hovland","Norway",18841,"Hovland, Viktor",NA,302,"last_first_exact",1
"68607","Mason Howell","Mason","Howell","United States",33759,"Howell, Mason",NA,6,"last_first_exact",1
"21961","Charles Howell III","Charles","Howell III","United States",6892,"Howell III, Charles",NA,40,"last_first_exact",1
"36801","Mark Hubbard","Mark","Hubbard","United States",16333,"Hubbard, Mark",NA,413,"last_first_exact",1
"35506","Mackenzie Hughes","Mackenzie","Hughes","Canada",15556,"Hughes, Mackenzie",NA,361,"last_first_exact",1
"34174","John Huh","John","Huh","United States",14606,"Huh, John",NA,86,"last_first_exact",1
"01553","John Huston","John","Huston","United States",707,"Huston, John",NA,4,"last_first_exact",1
"39971","Sungjae Im","Sungjae","Im","Republic of Korea",17488,"Im, Sungjae",NA,388,"last_first_exact",1
"21350","Ryuji Imada","Ryuji","Imada","Japan",6414,"Imada, Ryuji",NA,11,"last_first_exact",1
"30852","Ryo Ishikawa","Ryo","Ishikawa","Japan",12232,"Ishikawa, Ryo",NA,24,"last_first_exact",1
"27747","Hiroshi Iwata","Hiroshi","Iwata","Japan",9099,"Iwata, Hiroshi",NA,10,"last_first_exact",1
"01569","Peter Jacobsen","Peter","Jacobsen","United States",109,"Jacobsen, Peter",NA,3,"last_first_exact",1
"36799","Stephan Jaeger","Stephan","Jaeger","Germany",16394,"Jaeger, Stephan",NA,400,"last_first_exact",1
"57257","Filip Jakubcik","Filip","Jakubcik","Czechia",26482,"Jakubcik, Filip",NA,4,"last_first_exact",1
"31138","Scott Jamieson","Scott","Jamieson","Scotland",11397,"Jamieson, Scott",NA,20,"last_first_exact",1
"47238","Jazz Janewattananond","Jazz","Janewattananond","Thailand",14368,"Janewattananond, Jazz",NA,6,"last_first_exact",1
"57688","Casey Jarvis","Casey","Jarvis","South Africa",26947,"Jarvis, Casey",NA,12,"last_first_exact",1
"30925","Dustin Johnson","Dustin","Johnson","United States",12422,"Johnson, Dustin",NA,70,"last_first_exact",1
"23157","Richard Johnson","Richard","Johnson","Wales",1805,"Johnson, Richard",NA,2,"last_first_exact",1
"12195","Tom Johnson","Tom","Johnson","United States",3349,"Johnson, Tom",NA,17,"last_first_exact",1
"24024","Zach Johnson","Zach","Johnson","United States",6986,"Johnson, Zach",NA,227,"last_first_exact",1
"26300","Matt Jones","Matt","Jones","Australia",8605,"Jones, Matt",NA,45,"last_first_exact",1
"01604","Steve Jurgensen","Steve","Jurgensen","United States",1606,"Jurgensen, Steve",NA,2,"last_first_exact",1
"47917","Takumi Kanaya","Takumi","Kanaya","Japan",19729,"Kanaya, Takumi",NA,150,"last_first_exact",1
"61148","Kota Kaneko","Kota","Kaneko","Japan",28268,"Kaneko, Kota",NA,12,"last_first_exact",1
"47393","Jeffrey Kang","Jeffrey","Kang","United States",21889,"Kang, Jeffrey",NA,39,"last_first_exact",1
"27974","Sung Kang","Sung","Kang","Republic of Korea",7881,"Kang, Sung",NA,137,"last_first_exact",1
"27899","Rikard Karlberg","Rikard","Karlberg","Sweden",9398,"Karlberg, Rikard",NA,4,"last_first_exact",1
"51836","Michael Kartrude","Michael","Kartrude","United States",23469,"Kartrude, Michael",NA,4,"last_first_exact",1
"46879","Naoyuki Kataoka","Naoyuki","Kataoka","Japan",18994,"Kataoka, Naoyuki",NA,8,"last_first_exact",1
"46440","Smylie Kaufman","Smylie","Kaufman","United States",18631,"Kaufman, Smylie",NA,2,"last_first_exact",1
"20094","Jonathan Kaye","Jonathan","Kaye","United States",3581,"Kaye, Jonathan",NA,6,"last_first_exact",1
"27408","Martin Kaymer","Martin","Kaymer","Germany",8117,"Kaymer, Martin",NA,22,"last_first_exact",1
"63454","Johnny Keefer","Johnny","Keefer","United States",32457,"Keefer, Johnny",NA,44,"last_first_exact",1
"08075","Jerry Kelly","Jerry","Kelly","United States",5151,"Kelly, Jerry",NA,8,"last_first_exact",1
"01619","Skip Kendall","Skip","Kendall","United States",2794,"Kendall, Skip",NA,2,"last_first_exact",1
"11747","Ben Kern","Ben","Kern","Brazil",25439,"Kern, Ben",NA,5,"last_first_exact",1
"31558","J.J. Killeen","J.J.","Killeen","United States",12847,"Killeen, J.J.",NA,6,"last_first_exact",1
"35087","Bio Kim","Bio","Kim","Republic of Korea",12188,"Kim, Bio",NA,12,"last_first_exact",1
"34587","Chan Kim","Chan","Kim","United States",15004,"Kim, Chan",NA,204,"last_first_exact",1
"39975","Michael Kim","Michael","Kim","United States",17543,"Kim, Michael",NA,319,"last_first_exact",1
"50188","S.H. Kim","S.H.","Kim","Republic of Korea",21688,"Kim, S.H.",NA,247,"last_first_exact",1
"37455","Si Woo Kim","Si Woo","Kim","Republic of Korea",14609,"Kim, Si Woo",NA,407,"last_first_exact",1
"55182","Tom Kim","Tom","Kim","Republic of Korea",24766,"Kim, Tom",NA,304,"last_first_exact",1
"30926","Chris Kirk","Chris","Kirk","United States",12423,"Kirk, Chris",NA,342,"last_first_exact",1
"29478","Kevin Kisner","Kevin","Kisner","United States",11328,"Kisner, Kevin",NA,199,"last_first_exact",1
"48117","Kurt Kitayama","Kurt","Kitayama","United States",21891,"Kitayama, Kurt",NA,320,"last_first_exact",1
"32757","Patton Kizzire","Patton","Kizzire","United States",13470,"Kizzire, Patton",NA,336,"last_first_exact",1
"47420","Jake Knapp","Jake","Knapp","United States",19396,"Knapp, Jake",NA,187,"last_first_exact",1
"36852","Jim Knous","Jim","Knous","United States",16382,"Knous, Jim",NA,57,"last_first_exact",1
"54813","Philip Knowles","Philip","Knowles","United States",24562,"Knowles, Philip",NA,81,"last_first_exact",1
"33122","Russell Knox","Russell","Knox","Scotland",13831,"Knox, Russell",NA,225,"last_first_exact",1
"54621","Kazuma Kobori","Kazuma","Kobori","New Zealand",24369,"Kobori, Kazuma",NA,6,"last_first_exact",1
"59871","Greg Koch","Greg","Koch","United States",28323,"Koch, Greg",NA,28,"last_first_exact",1
"32816","Satoshi Kodaira","Satoshi","Kodaira","Japan",13531,"Kodaira, Satoshi",NA,126,"last_first_exact",1
"36689","Brooks Koepka","Brooks","Koepka","United States",16243,"Koepka, Brooks",NA,96,"last_first_exact",1
"36884","Ben Kohles","Ben","Kohles","United States",16395,"Kohles, Ben",NA,239,"last_first_exact",1
"30944","Jason Kokrak","Jason","Kokrak","United States",12337,"Kokrak, Jason",NA,57,"last_first_exact",1
"47735","Corey Kozuma","Corey","Kozuma","United States",34839,"Kozuma, Corey",NA,2,"last_first_exact",1
"35879","Kelly Kraft","Kelly","Kraft","United States",15852,"Kraft, Kelly",NA,196,"last_first_exact",1
"23108","Matt Kuchar","Matt","Kuchar","United States",6169,"Kuchar, Matt",NA,302,"last_first_exact",1
"58696","Peter Kuest","Peter","Kuest","United States",27600,"Kuest, Peter",NA,65,"last_first_exact",1
"31420","Anirban Lahiri","Anirban","Lahiri","India",12669,"Lahiri, Anirban",NA,58,"last_first_exact",1
"27936","Martin Laird","Martin","Laird","Scotland",9586,"Laird, Martin",NA,265,"last_first_exact",1
"46732","Rick Lamb","Rick","Lamb","United States",18869,"Lamb, Rick",NA,18,"last_first_exact",1
"27797","Derek Lamely","Derek","Lamely","United States",9195,"Lamely, Derek",NA,28,"last_first_exact",1
"54422","Christo Lamprecht","Christo","Lamprecht","South Africa",24343,"Lamprecht, Christo",NA,41,"last_first_exact",1
"33410","Andrew Landry","Andrew","Landry","United States",14000,"Landry, Andrew",NA,113,"last_first_exact",1
"37250","Romain Langasque","Romain","Langasque","France",16652,"Langasque, Romain",NA,24,"last_first_exact",1
"01666","Bernhard Langer","Bernhard","Langer","Germany",290,"Langer, Bernhard",NA,6,"last_first_exact",1
"29670","Pablo Larrazabal","Pablo","Larrazabal","Spain",9133,"Larrazabal, Pablo",NA,18,"last_first_exact",1
"28775","Nate Lashley","Nate","Lashley","United States",10943,"Lashley, Nate",NA,297,"last_first_exact",1
"45523","Thriston Lawrence","Thriston","Lawrence","South Africa",18105,"Lawrence, Thriston",NA,92,"last_first_exact",1
"19904","Paul Lawrie","Paul","Lawrie","Scotland",5105,"Lawrie, Paul",NA,2,"last_first_exact",1
"49766","Hank Lebioda","Hank","Lebioda","United States",21943,"Lebioda, Hank",NA,166,"last_first_exact",1
"35230","Nelson Ledesma","Nelson","Ledesma","Argentina",15239,"Ledesma, Nelson",NA,5,"last_first_exact",1
"29926","Danny Lee","Danny","Lee","New Zealand",11826,"Lee, Danny",NA,74,"last_first_exact",1
"32791","K.H. Lee","K.H.","Lee","Republic of Korea",13497,"Lee, K.H.",NA,277,"last_first_exact",1
"37378","Min Woo Lee","Min Woo","Lee","Australia",16841,"Lee, Min Woo",NA,241,"last_first_exact",1
"35139","Richard Lee","Richard","Lee","United States",12413,"Lee, Richard",NA,6,"last_first_exact",1
"36529","S.T. Lee","S.T.","Lee","Republic of Korea",16162,"Lee, S.T.",NA,11,"last_first_exact",1
"01677","Tom Lehman","Tom","Lehman","United States",757,"Lehman, Tom",NA,3,"last_first_exact",1
"26851","Marc Leishman","Marc","Leishman","Australia",7649,"Leishman, Marc",NA,64,"last_first_exact",1
"10860","Justin Leonard","Justin","Leonard","United States",5603,"Leonard, Justin",NA,8,"last_first_exact",1
"27466","Spencer Levin","Spencer","Levin","United States",8199,"Levin, Spencer",NA,14,"last_first_exact",1
"34579","Alexander Levy","Alexander","Levy","France",14973,"Levy, Alexander",NA,12,"last_first_exact",1
"35104","Tom Lewis","Tom","Lewis","England",15164,"Lewis, Tom",NA,6,"last_first_exact",1
"35296","Haotong Li","Haotong","Li","People’s Rep of China",15310,"Li, Haotong",NA,50,"last_first_exact",1
"11032","Frank Lickliter II","Frank","Lickliter II","United States",5708,"Lickliter II, Frank",NA,4,"last_first_exact",1
"37278","Nicholas Lindheim","Nicholas","Lindheim","United States",16713,"Lindheim, Nicholas",NA,55,"last_first_exact",1
"34409","David Lingmerth","David","Lingmerth","Sweden",14815,"Lingmerth, David",NA,137,"last_first_exact",1
"36326","David Lipsky","David","Lipsky","United States",15980,"Lipsky, David",NA,361,"last_first_exact",1
"27129","Luke List","Luke","List","United States",7960,"List, Luke",NA,325,"last_first_exact",1
"63806","Hunter Logan","Hunter","Logan","United States",31866,"Logan, Hunter",NA,8,"last_first_exact",1
"35449","Adam Long","Adam","Long","United States",15473,"Long, Adam",NA,217,"last_first_exact",1
"59131","Luke Long","Luke","Long","United States",31193,"Long, Luke",NA,10,"last_first_exact",1
"35300","Andrew Loupe","Andrew","Loupe","United States",15318,"Loupe, Andrew",NA,2,"last_first_exact",1
"01706","Davis Love III","Davis","Love III","United States",3464,"Love III, Davis",NA,22,"last_first_exact",1
"40162","Justin Lower","Justin","Lower","United States",17723,"Lower, Justin",NA,379,"last_first_exact",1
"33204","Shane Lowry","Shane","Lowry","Ireland",13900,"Lowry, Shane",NA,283,"last_first_exact",1
"37380","Curtis Luck","Curtis","Luck","Australia",16842,"Luck, Curtis",NA,4,"last_first_exact",1
"28300","Joost Luiten","Joost","Luiten","Netherlands",10158,"Luiten, Joost",NA,12,"last_first_exact",1
"01717","Sandy Lyle","Sandy","Lyle","Scotland",294,"Lyle, Sandy",NA,4,"last_first_exact",1
"34466","Peter Malnati","Peter","Malnati","United States",14926,"Malnati, Peter",NA,342,"last_first_exact",1
"33199","Matteo Manassero","Matteo","Manassero","Italy",11460,"Manassero, Matteo",NA,66,"last_first_exact",1
"33413","Ben Martin","Ben","Martin","United States",14007,"Martin, Ben",NA,248,"last_first_exact",1
"32839","Hideki Matsuyama","Hideki","Matsuyama","Japan",13562,"Matsuyama, Hideki",NA,335,"last_first_exact",1
"51491","Brandon Matthews","Brandon","Matthews","United States",22981,"Matthews, Brandon",NA,88,"last_first_exact",1
"47993","Denny McCarthy","Denny","McCarthy","United States",19870,"McCarthy, Denny",NA,383,"last_first_exact",1
"59141","Matt McCarty","Matt","McCarty","United States",28635,"McCarty, Matt",NA,132,"last_first_exact",1
"46113","Ryan McCormick","Ryan","McCormick","United States",18536,"McCormick, Ryan",NA,74,"last_first_exact",1
"40042","Tyler McCumber","Tyler","McCumber","United States",17584,"McCumber, Tyler",NA,18,"last_first_exact",1
"25572","Graeme McDowell","Graeme","McDowell","Northern Ireland",7548,"McDowell, Graeme",NA,28,"last_first_exact",1
"31202","William McGirt","William","McGirt","United States",12477,"McGirt, William",NA,127,"last_first_exact",1
"51950","Max McGreevy","Max","McGreevy","United States",23505,"McGreevy, Max",NA,294,"last_first_exact",1
"28237","Rory McIlroy","Rory","McIlroy","Northern Ireland",10091,"McIlroy, Rory",NA,261,"last_first_exact",1
"24449","Parker McLachlin","Parker","McLachlin","United States",9168,"McLachlin, Parker",NA,19,"last_first_exact",1
"46442","Maverick McNealy","Maverick","McNealy","United States",18634,"McNealy, Maverick",NA,344,"last_first_exact",1
"24490","George McNeill","George","McNeill","United States",6419,"McNeill, George",NA,48,"last_first_exact",1
"59143","Mac Meissner","Mac","Meissner","United States",28159,"Meissner, Mac",NA,193,"last_first_exact",1
"27933","John Merrick","John","Merrick","United States",9584,"Merrick, John",NA,17,"last_first_exact",1
"32640","Troy Merritt","Troy","Merritt","United States",13367,"Merritt, Troy",NA,280,"last_first_exact",1
"06515","Shaun Micheel","Shaun","Micheel","United States",4377,"Micheel, Shaun",NA,8,"last_first_exact",1
"01810","Phil Mickelson","Phil","Mickelson","United States",1547,"Mickelson, Phil",NA,47,"last_first_exact",1
"39834","Guido Migliozzi","Guido","Migliozzi","Italy",17357,"Migliozzi, Guido",NA,38,"last_first_exact",1
"39546","Keith Mitchell","Keith","Mitchell","United States",17365,"Mitchell, Keith",NA,369,"last_first_exact",1
"01823","Larry Mize","Larry","Mize","United States",139,"Mize, Larry",NA,4,"last_first_exact",1
"23814","Edoardo Molinari","Edoardo","Molinari","Italy",7033,"Molinari, Edoardo",NA,20,"last_first_exact",1
"25198","Francesco Molinari","Francesco","Molinari","Italy",7655,"Molinari, Francesco",NA,181,"last_first_exact",1
"55789","Taylor Montgomery","Taylor","Montgomery","United States",25442,"Montgomery, Taylor",NA,239,"last_first_exact",1
"26596","Ryan Moore","Ryan","Moore","United States",7489,"Moore, Ryan",NA,199,"last_first_exact",1
"49947","Taylor Moore","Taylor","Moore","United States",21944,"Moore, Taylor",NA,386,"last_first_exact",1
"50525","Collin Morikawa","Collin","Morikawa","United States",22085,"Morikawa, Collin",NA,316,"last_first_exact",1
"23091","Alan Morin","Alan","Morin","United States",7836,"Morin, Alan",NA,4,"last_first_exact",1
"63121","William Mouw","William","Mouw","United States",29770,"Mouw, William",NA,106,"last_first_exact",1
"46601","Trey Mullinax","Trey","Mullinax","United States",18761,"Mullinax, Trey",NA,229,"last_first_exact",1
"34213","Grayson Murray","Grayson","Murray","United States",14655,"Murray, Grayson",NA,105,"last_first_exact",1
"25396","Kevin Na","Kevin","Na","United States",7452,"Na, Kevin",NA,36,"last_first_exact",1
"66447","Taisei Nagasaki","Taisei","Nagasaki","Japan",32081,"Nagasaki, Taisei",NA,2,"last_first_exact",1
"49228","Keita Nakajima","Keita","Nakajima","Japan",21074,"Nakajima, Keita",NA,66,"last_first_exact",1
"52689","Rasmus Neergaard-Petersen","Rasmus","Neergaard-Petersen","Denmark",23841,"Neergaard-Petersen, Rasmus",NA,38,"last_first_exact",1
"36871","Matt NeSmith","Matt","NeSmith","United States",16433,"NeSmith, Matt",NA,164,"last_first_exact",1
"51635","Chris Nido","Chris","Nido","Puerto Rico",23094,"Nido, Chris",NA,20,"last_first_exact",1
"45486","Joaquin Niemann","Joaquin","Niemann","Chile",18079,"Niemann, Joaquin",NA,100,"last_first_exact",1
"29289","S.Y. Noh","S.Y.","Noh","Republic of Korea",11117,"Noh, S.Y.",NA,105,"last_first_exact",1
"27349","Alex Noren","Alex","Noren","Sweden",10419,"Noren, Alex",NA,280,"last_first_exact",1
"35706","Niklas Norgaard","Niklas","Norgaard","Denmark",15676,"Norgaard, Niklas",NA,64,"last_first_exact",1
"30163","Henrik Norlander","Henrik","Norlander","Sweden",11657,"Norlander, Henrik",NA,324,"last_first_exact",1
"51070","Vincent Norrman","Vincent","Norrman","Sweden",22535,"Norrman, Vincent",NA,162,"last_first_exact",1
"51997","Andrew Novak","Andrew","Novak","United States",23475,"Novak, Andrew",NA,361,"last_first_exact",1
"55851","Pontus Nyholm","Pontus","Nyholm","Sweden",25475,"Nyholm, Pontus",NA,27,"last_first_exact",1
"24140","Sean O'Hair","Sean","O'Hair","United States",7626,"O'Hair, Sean",NA,132,"last_first_exact",1
"22046","Geoff Ogilvy","Geoff","Ogilvy","Australia",5698,"Ogilvy, Geoff",NA,40,"last_first_exact",1
"57944","Andy Ogletree","Andy","Ogletree","United States",27597,"Ogletree, Andy",NA,8,"last_first_exact",1
"55623","Kaito Onishi","Kaito","Onishi","Japan",25263,"Onishi, Kaito",NA,82,"last_first_exact",1
"26329","Louis Oosthuizen","Louis","Oosthuizen","South Africa",7672,"Oosthuizen, Louis",NA,34,"last_first_exact",1
"27942","Rob Oppenheim","Rob","Oppenheim","United States",8002,"Oppenheim, Rob",NA,4,"last_first_exact",1
"33667","Carlos Ortiz","Carlos","Ortiz","Mexico",14735,"Ortiz, Carlos",NA,57,"last_first_exact",1
"34575","Adrian Otaegui","Adrian","Otaegui","United Arab Emirates",14975,"Otaegui, Adrian",NA,18,"last_first_exact",1
"28475","Jeff Overton","Jeff","Overton","United States",10498,"Overton, Jeff",NA,19,"last_first_exact",1
"59160","John Pak","John","Pak","United States",27820,"Pak, John",NA,105,"last_first_exact",1
"23320","Ryan Palmer","Ryan","Palmer","United States",7820,"Palmer, Ryan",NA,241,"last_first_exact",1
"29908","C.T. Pan","C.T.","Pan","Chinese Taipei",15475,"Pan, C.T.",NA,200,"last_first_exact",1
"28723","John Parry","John","Parry","England",13764,"Parry, John",NA,48,"last_first_exact",1
"50582","Jeremy Paul","Jeremy","Paul","Germany",22087,"Paul, Jeremy",NA,91,"last_first_exact",1
"01928","Corey Pavin","Corey","Pavin","United States",159,"Pavin, Corey",NA,2,"last_first_exact",1
"48153","Matthieu Pavon","Matthieu","Pavon","France",19960,"Pavon, Matthieu",NA,203,"last_first_exact",1
"66249","Evan Pena","Evan","Pena","Puerto Rico",31959,"Pena, Evan",NA,4,"last_first_exact",1
"40250","Taylor Pendrith","Taylor","Pendrith","Canada",17780,"Pendrith, Taylor",NA,348,"last_first_exact",1
"51003","Marco Penge","Marco","Penge","England",22465,"Penge, Marco",NA,38,"last_first_exact",1
"34709","Eddie Pepperell","Eddie","Pepperell","England",15113,"Pepperell, Eddie",NA,2,"last_first_exact",1
"22056","Cameron Percy","Cameron","Percy","Australia",5874,"Percy, Cameron",NA,111,"last_first_exact",1
"47806","Raul Pereda","Raul","Pereda","Mexico",19620,"Pereda, Raul",NA,64,"last_first_exact",1
"47529","Mito Pereira","Mito","Pereira","Chile",19455,"Pereira, Mito",NA,89,"last_first_exact",1
"24361","Pat Perez","Pat","Perez","United States",6762,"Perez, Pat",NA,51,"last_first_exact",1
"47679","Victor Perez","Victor","Perez","France",20730,"Perez, Victor",NA,190,"last_first_exact",1
"36824","Paul Peterson","Paul","Peterson","United States",16341,"Peterson, Paul",NA,82,"last_first_exact",1
"25345","Carl Pettersson","Carl","Pettersson","Sweden",7048,"Pettersson, Carl",NA,4,"last_first_exact",1
"57900","Chandler Phillips","Chandler","Phillips","United States",27164,"Phillips, Chandler",NA,198,"last_first_exact",1
"46374","Tracy Phillips","Tracy","Phillips","United States",32184,"Phillips, Tracy",NA,2,"last_first_exact",1
"25818","Scott Piercy","Scott","Piercy","United States",7899,"Piercy, Scott",NA,242,"last_first_exact",1
"33293","Thomas Pieters","Thomas","Pieters","Belgium",13944,"Pieters, Thomas",NA,36,"last_first_exact",1
"25240","D.A. Points","D.A.","Points","United States",6761,"Points, D.A.",NA,57,"last_first_exact",1
"35912","Haydn Porteous","Haydn","Porteous","South Africa",15866,"Porteous, Haydn",NA,4,"last_first_exact",1
"49771","J.T. Poston","J.T.","Poston","United States",21554,"Poston, J.T.",NA,379,"last_first_exact",1
"63343","Aldrich Potgieter","Aldrich","Potgieter","South Africa",27900,"Potgieter, Aldrich",NA,94,"last_first_exact",1
"27556","Ted Potter, Jr.","Ted","Potter, Jr.","United States",8769,"Potter, Jr., Ted",NA,56,"last_first_exact",1
"24138","Ian Poulter","Ian","Poulter","England",1435,"Poulter, Ian",NA,34,"last_first_exact",1
"28252","Seamus Power","Seamus","Power","Ireland",10104,"Power, Seamus",NA,346,"last_first_exact",1
"61193","David Puig","David","Puig","Spain",28984,"Puig, David",NA,16,"last_first_exact",1
"21959","Ted Purdy","Ted","Purdy","United States",5906,"Purdy, Ted",NA,8,"last_first_exact",1
"34256","Andrew Putnam","Andrew","Putnam","United States",14704,"Putnam, Andrew",NA,380,"last_first_exact",1
"01978","Fran Quinn","Fran","Quinn","United States",3650,"Quinn, Fran",NA,2,"last_first_exact",1
"46970","Jon Rahm","Jon","Rahm","Spain",19195,"Rahm, Jon",NA,173,"last_first_exact",1
"46414","Aaron Rai","Aaron","Rai","England",18554,"Rai, Aaron",NA,361,"last_first_exact",1
"47983","Chad Ramey","Chad","Ramey","United States",19840,"Ramey, Chad",NA,375,"last_first_exact",1
"29531","Richie Ramsay","Richie","Ramsay","Scotland",11396,"Ramsay, Richie",NA,12,"last_first_exact",1
"26476","Chez Reavie","Chez","Reavie","United States",7961,"Reavie, Chez",NA,275,"last_first_exact",1
"53165","Doc Redman","Doc","Redman","United States",24481,"Redman, Doc",NA,169,"last_first_exact",1
"34360","Patrick Reed","Patrick","Reed","United States",14838,"Reed, Patrick",NA,88,"last_first_exact",1
"47856","Seth Reeves","Seth","Reeves","United States",19643,"Reeves, Seth",NA,59,"last_first_exact",1
"29476","Kyle Reifers","Kyle","Reifers","United States",11329,"Reifers, Kyle",NA,16,"last_first_exact",1
"49855","Kristoffer Reitan","Kristoffer","Reitan","Norway",21407,"Reitan, Kristoffer",NA,30,"last_first_exact",1
"64693","Matthew Riedel","Matthew","Riedel","United States",30892,"Riedel, Matthew",NA,72,"last_first_exact",1
"47995","Davis Riley","Davis","Riley","United States",19872,"Riley, Davis",NA,366,"last_first_exact",1
"26539","Robert Rock","Robert","Rock","England",7895,"Rock, Robert",NA,2,"last_first_exact",1
"36699","Patrick Rodgers","Patrick","Rodgers","United States",16283,"Rodgers, Patrick",NA,416,"last_first_exact",1
"22913","John Rollins","John","Rollins","United States",6300,"Rollins, John",NA,8,"last_first_exact",1
"25562","Andres Romero","Andres","Romero","Argentina",7751,"Romero, Andres",NA,4,"last_first_exact",1
"22405","Justin Rose","Justin","Rose","England",6093,"Rose, Justin",NA,256,"last_first_exact",1
"60882","Thomas Rosenmueller","Thomas","Rosenmueller","Germany",22736,"Rosenmueller, Thomas",NA,87,"last_first_exact",1
"39335","Kevin Roy","Kevin","Roy","United States",18424,"Roy, Kevin",NA,210,"last_first_exact",1
"46646","Antoine Rozner","Antoine","Rozner","France",18770,"Rozner, Antoine",NA,89,"last_first_exact",1
"37076","Marcelo Rozo","Marcelo","Rozo","Colombia",16591,"Rozo, Marcelo",NA,27,"last_first_exact",1
"51933","Casey Russell","Casey","Russell","United States",23133,"Russell, Casey",NA,2,"last_first_exact",1
"66290","Miles Russell","Miles","Russell","United States",32064,"Russell, Miles",NA,12,"last_first_exact",1
"37275","Sam Ryder","Sam","Ryder","United States",16715,"Ryder, Sam",NA,380,"last_first_exact",1
"23621","Rory Sabbatini","Rory","Sabbatini","Slovakia",6283,"Sabbatini, Rory",NA,85,"last_first_exact",1
"34371","Adrien Saddier","Adrien","Saddier","France",14792,"Saddier, Adrien",NA,44,"last_first_exact",1
"56781","Isaiah Salinda","Isaiah","Salinda","United States",27183,"Salinda, Isaiah",NA,114,"last_first_exact",1
"64442","Gordon Sargent","Gordon","Sargent","United States",30814,"Sargent, Gordon",NA,64,"last_first_exact",1
"29223","Sam Saunders","Sam","Saunders","United States",11048,"Saunders, Sam",NA,5,"last_first_exact",1
"48081","Xander Schauffele","Xander","Schauffele","United States",19895,"Schauffele, Xander",NA,330,"last_first_exact",1
"46046","Scottie Scheffler","Scottie","Scheffler","United States",18417,"Scheffler, Scottie",NA,353,"last_first_exact",1
"47347","Adam Schenk","Adam","Schenk","United States",19477,"Schenk, Adam",NA,384,"last_first_exact",1
"48867","Matti Schmid","Matti","Schmid","Germany",20722,"Schmid, Matti",NA,295,"last_first_exact",1
"34610","Matthias Schwab","Matthias","Schwab","Austria",15016,"Schwab, Matthias",NA,177,"last_first_exact",1
"26331","Charl Schwartzel","Charl","Schwartzel","South Africa",7398,"Schwartzel, Charl",NA,43,"last_first_exact",1
"24502","Adam Scott","Adam","Scott","Australia",6430,"Scott, Adam",NA,285,"last_first_exact",1
"39953","Chase Seiffert","Chase","Seiffert","United States",17509,"Seiffert, Chase",NA,51,"last_first_exact",1
"20645","John Senden","John","Senden","Australia",5207,"Senden, John",NA,5,"last_first_exact",1
"39113","Shubhankar Sharma","Shubhankar","Sharma","India",17081,"Sharma, Shubhankar",NA,24,"last_first_exact",1
"22548","Patrick Sheehan","Patrick","Sheehan","United States",33275,"Sheehan, Patrick",NA,2,"last_first_exact",1
"46441","Robby Shelton","Robby","Shelton","United States",18635,"Shelton, Robby",NA,201,"last_first_exact",1
"39328","Conrad Shindler","Conrad","Shindler","United States",17274,"Shindler, Conrad",NA,12,"last_first_exact",1
"63807","Neal Shipley","Neal","Shipley","United States",32055,"Shipley, Neal",NA,61,"last_first_exact",1
"23481","Marcel Siem","Marcel","Siem","Germany",6950,"Siem, Marcel",NA,28,"last_first_exact",1
"63548","Chase Sienkiewicz","Chase","Sienkiewicz","United States",31216,"Sienkiewicz, Chase",NA,12,"last_first_exact",1
"51890","Greyson Sigg","Greyson","Sigg","United States",23482,"Sigg, Greyson",NA,344,"last_first_exact",1
"39327","Ben Silverman","Ben","Silverman","Canada",17381,"Silverman, Ben",NA,187,"last_first_exact",1
"68021","Reinaldo Simoni","Reinaldo","Simoni","Puerto Rico",33277,"Simoni, Reinaldo",NA,4,"last_first_exact",1
"29221","Webb Simpson","Webb","Simpson","United States",11049,"Simpson, Webb",NA,195,"last_first_exact",1
"06567","Vijay Singh","Vijay","Singh","Fiji",653,"Singh, Vijay",NA,12,"last_first_exact",1
"27139","David Skinns","David","Skinns","England",10873,"Skinns, David",NA,222,"last_first_exact",1
"33486","Roger Sloan","Roger","Sloan","Canada",14050,"Sloan, Roger",NA,143,"last_first_exact",1
"22293","Heath Slocum","Heath","Slocum","United States",7170,"Slocum, Heath",NA,2,"last_first_exact",1
"46340","Alex Smalley","Alex","Smalley","United States",18474,"Smalley, Alex",NA,385,"last_first_exact",1
"35891","Cameron Smith","Cameron","Smith","Australia",15856,"Smith, Cameron",NA,88,"last_first_exact",1
"46464","Jordan Smith","Jordan","Smith","England",18586,"Smith, Jordan",NA,62,"last_first_exact",1
"50095","Austin Smotherman","Austin","Smotherman","United States",22985,"Smotherman, Austin",NA,257,"last_first_exact",1
"27649","Brandt Snedeker","Brandt","Snedeker","United States",8820,"Snedeker, Brandt",NA,221,"last_first_exact",1
"46405","Sebastian Soderberg","Sebastian","Soderberg","Sweden",18517,"Soderberg, Sebastian",NA,30,"last_first_exact",1
"36521","Young-han Song","Young-han","Song","Republic of Korea",16160,"Song, Young-han",NA,4,"last_first_exact",1
"12309","Bob Sowards","Bob","Sowards","United States",8084,"Sowards, Bob",NA,2,"last_first_exact",1
"39324","J.J. Spaun","J.J.","Spaun","United States",17536,"Spaun, J.J.",NA,374,"last_first_exact",1
"34046","Jordan Spieth","Jordan","Spieth","United States",14636,"Spieth, Jordan",NA,315,"last_first_exact",1
"50484","Hayden Springer","Hayden","Springer","United States",21995,"Springer, Hayden",NA,167,"last_first_exact",1
"26679","Kevin Stadler","Kevin","Stadler","United States",7602,"Stadler, Kevin",NA,42,"last_first_exact",1
"30692","Scott Stallings","Scott","Stallings","United States",12359,"Stallings, Scott",NA,184,"last_first_exact",1
"51600","Jimmy Stanger","Jimmy","Stanger","United States",23048,"Stanger, Jimmy",NA,56,"last_first_exact",1
"30110","Kyle Stanley","Kyle","Stanley","United States",12069,"Stanley, Kyle",NA,83,"last_first_exact",1
"29518","Brendan Steele","Brendan","Steele","United States",11019,"Steele, Brendan",NA,82,"last_first_exact",1
"33418","Shawn Stefani","Shawn","Stefani","United States",14012,"Stefani, Shawn",NA,4,"last_first_exact",1
"29485","Brett Stegmaier","Brett","Stegmaier","United States",11354,"Stegmaier, Brett",NA,14,"last_first_exact",1
"21528","Henrik Stenson","Henrik","Stenson","Sweden",5994,"Stenson, Henrik",NA,35,"last_first_exact",1
"24459","Richard Sterne","Richard","Sterne","South Africa",7049,"Sterne, Richard",NA,4,"last_first_exact",1
"55893","Sam Stevens","Sam","Stevens","United States",25569,"Stevens, Sam",NA,350,"last_first_exact",1
"49960","Sepp Straka","Sepp","Straka","Austria",17511,"Straka, Sepp",NA,364,"last_first_exact",1
"34431","Robert Streb","Robert","Streb","United States",14852,"Streb, Robert",NA,188,"last_first_exact",1
"27214","Kevin Streelman","Kevin","Streelman","United States",8480,"Streelman, Kevin",NA,282,"last_first_exact",1
"06527","Steve Stricker","Steve","Stricker","United States",4818,"Stricker, Steve",NA,4,"last_first_exact",1
"27963","Chris Stroud","Chris","Stroud","United States",9604,"Stroud, Chris",NA,90,"last_first_exact",1
"31560","Brian Stuard","Brian","Stuard","United States",13022,"Stuard, Brian",NA,164,"last_first_exact",1
"60019","Jackson Suber","Jackson","Suber","United States",29279,"Suber, Jackson",NA,113,"last_first_exact",1
"54218","Yuta Sugiura","Yuta","Sugiura","Japan",24223,"Sugiura, Yuta",NA,13,"last_first_exact",1
"50493","Justin Suh","Justin","Suh","United States",22050,"Suh, Justin",NA,213,"last_first_exact",1
"35314","Andy Sullivan","Andy","Sullivan","England",15326,"Sullivan, Andy",NA,18,"last_first_exact",1
"25834","Daniel Summerhays","Daniel","Summerhays","United States",12424,"Summerhays, Daniel",NA,8,"last_first_exact",1
"40115","Adam Svensson","Adam","Svensson","Canada",13997,"Svensson, Adam",NA,411,"last_first_exact",1
"57586","Jesper Svensson","Jesper","Svensson","Sweden",26850,"Svensson, Jesper",NA,116,"last_first_exact",1
"29425","Andrew Svoboda","Andrew","Svoboda","United States",11274,"Svoboda, Andrew",NA,10,"last_first_exact",1
"34264","Hudson Swafford","Hudson","Swafford","United States",14706,"Swafford, Hudson",NA,42,"last_first_exact",1
"48699","Callum Tarren","Callum","Tarren","England",20519,"Tarren, Callum",NA,248,"last_first_exact",1
"48119","Ben Taylor","Ben","Taylor","England",19948,"Taylor, Ben",NA,179,"last_first_exact",1
"25493","Nick Taylor","Nick","Taylor","Canada",13126,"Taylor, Nick",NA,367,"last_first_exact",1
"23325","Vaughn Taylor","Vaughn","Taylor","United States",6930,"Taylor, Vaughn",NA,53,"last_first_exact",1
"27330","Josh Teater","Josh","Teater","United States",8085,"Teater, Josh",NA,77,"last_first_exact",1
"51634","Sahith Theegala","Sahith","Theegala","United States",23014,"Theegala, Sahith",NA,413,"last_first_exact",1
"33448","Justin Thomas","Justin","Thomas","United States",14139,"Thomas, Justin",NA,313,"last_first_exact",1
"10381","Curtis Thompson","Curtis","Thompson","United States",19395,"Thompson, Curtis",NA,62,"last_first_exact",1
"58168","Davis Thompson","Davis","Thompson","United States",27364,"Thompson, Davis",NA,309,"last_first_exact",1
"32150","Michael Thompson","Michael","Thompson","United States",12946,"Thompson, Michael",NA,115,"last_first_exact",1
"28780","Nicholas Thompson","Nicholas","Thompson","United States",10889,"Thompson, Nicholas",NA,4,"last_first_exact",1
"57364","Michael Thorbjornsen","Michael","Thorbjornsen","United States",26649,"Thorbjornsen, Michael",NA,163,"last_first_exact",1
"52144","Braden Thornberry","Braden","Thornberry","United States",23502,"Thornberry, Braden",NA,72,"last_first_exact",1
"30927","Brendon Todd","Brendon","Todd","United States",12425,"Todd, Brendon",NA,286,"last_first_exact",1
"38991","Alejandro Tosti","Alejandro","Tosti","Argentina",17032,"Tosti, Alejandro",NA,173,"last_first_exact",1
"23788","D.J. Trahan","D.J.","Trahan","United States",7236,"Trahan, D.J.",NA,51,"last_first_exact",1
"35617","Martin Trainer","Martin","Trainer","France",15634,"Trainer, Martin",NA,197,"last_first_exact",1
"33419","Cameron Tringale","Cameron","Tringale","United States",14013,"Tringale, Cameron",NA,66,"last_first_exact",1
"32333","Kevin Tway","Kevin","Tway","United States",13127,"Tway, Kevin",NA,250,"last_first_exact",1
"29484","Peter Uihlein","Peter","Uihlein","United States",11357,"Uihlein, Peter",NA,32,"last_first_exact",1
"08385","Omar Uresti","Omar","Uresti","United States",5183,"Uresti, Omar",NA,22,"last_first_exact",1
"52666","Sami Valimaki","Sami","Valimaki","Finland",23816,"Valimaki, Sami",NA,185,"last_first_exact",1
"28114","Dawie van der Walt","Dawie","van der Walt","South Africa",9883,"van der Walt, Dawie",NA,54,"last_first_exact",1
"23623","Bo Van Pelt","Bo","Van Pelt","United States",6457,"Van Pelt, Bo",NA,57,"last_first_exact",1
"55573","John VanDerLaan","John","VanDerLaan","United States",25319,"VanDerLaan, John",NA,39,"last_first_exact",1
"37189","Harold Varner III","Harold","Varner III","United States",16602,"Varner III, Harold",NA,62,"last_first_exact",1
"27064","Jhonattan Vegas","Jhonattan","Vegas","Venezuela",13508,"Vegas, Jhonattan",NA,249,"last_first_exact",1
"58619","Kevin Velo","Kevin","Velo","United States",27762,"Velo, Kevin",NA,71,"last_first_exact",1
"35658","Kris Ventura","Kris","Ventura","Norway",15651,"Ventura, Kris",NA,109,"last_first_exact",1
"54304","Karl Vilips","Karl","Vilips","Australia",24304,"Vilips, Karl",NA,86,"last_first_exact",1
"27770","Camilo Villegas","Camilo","Villegas","Colombia",9171,"Villegas, Camilo",NA,251,"last_first_exact",1
"26951","Johnson Wagner","Johnson","Wagner","United States",7927,"Wagner, Johnson",NA,14,"last_first_exact",1
"54607","Danny Walker","Danny","Walker","United States",25003,"Walker, Danny",NA,106,"last_first_exact",1
"25632","Jimmy Walker","Jimmy","Walker","United States",7293,"Walker, Jimmy",NA,139,"last_first_exact",1
"48887","Matt Wallace","Matt","Wallace","England",20706,"Wallace, Matt",NA,293,"last_first_exact",1
"31113","Paul Waring","Paul","Waring","England",12426,"Waring, Paul",NA,42,"last_first_exact",1
"25841","Marc Warren","Marc","Warren","Scotland",7567,"Warren, Marc",NA,6,"last_first_exact",1
"27095","Nick Watney","Nick","Watney","United States",7955,"Watney, Nick",NA,192,"last_first_exact",1
"25804","Bubba Watson","Bubba","Watson","United States",7334,"Watson, Bubba",NA,30,"last_first_exact",1
"26289","Boo Weekley","Boo","Weekley","United States",7403,"Weekley, Boo",NA,6,"last_first_exact",1
"10423","Mike Weir","Mike","Weir","Canada",5513,"Weir, Mike",NA,22,"last_first_exact",1
"58967","Trevor Werbylo","Trevor","Werbylo","United States",28558,"Werbylo, Trevor",NA,99,"last_first_exact",1
"47128","Richy Werenski","Richy","Werenski","United States",19364,"Werenski, Richy",NA,190,"last_first_exact",1
"52411","Kyle Westmoreland","Kyle","Westmoreland","United States",23599,"Westmoreland, Kyle",NA,109,"last_first_exact",1
"20396","Lee Westwood","Lee","Westwood","England",4052,"Westwood, Lee",NA,28,"last_first_exact",1
"51894","Vince Whaley","Vince","Whaley","United States",25908,"Whaley, Vince",NA,322,"last_first_exact",1
"48319","Tom Whitney","Tom","Whitney","United States",20353,"Whitney, Tom",NA,73,"last_first_exact",1
"20160","Charlie Wi","Charlie","Wi","United States",5905,"Wi, Charlie",NA,2,"last_first_exact",1
"50474","Tim Widing","Tim","Widing","Sweden",21875,"Widing, Tim",NA,60,"last_first_exact",1
"29454","Bernd Wiesberger","Bernd","Wiesberger","Austria",9531,"Wiesberger, Bernd",NA,16,"last_first_exact",1
"25349","Tim Wilkinson","Tim","Wilkinson","New Zealand",7097,"Wilkinson, Tim",NA,18,"last_first_exact",1
"32139","Danny Willett","Danny","Willett","England",12920,"Willett, Danny",NA,184,"last_first_exact",1
"21878","Mark Wilson","Mark","Wilson","United States",4107,"Wilson, Mark",NA,3,"last_first_exact",1
"27506","Oliver Wilson","Oliver","Wilson","England",8300,"Wilson, Oliver",NA,14,"last_first_exact",1
"49964","Aaron Wise","Aaron","Wise","United States",22051,"Wise, Aaron",NA,134,"last_first_exact",1
"56278","Matthew Wolff","Matthew","Wolff","United States",25919,"Wolff, Matthew",NA,31,"last_first_exact",1
"22000","Chris Wood","Chris","Wood","England",12451,"Wood, Chris",NA,2,"last_first_exact",1
"31323","Gary Woodland","Gary","Woodland","United States",12577,"Woodland, Gary",NA,322,"last_first_exact",1
"08793","Tiger Woods","Tiger","Woods","United States",5321,"Woods, Tiger",NA,30,"last_first_exact",1
"33870","Ashun Wu","Ashun","Wu","People’s Rep of China",11763,"Wu, Ashun",NA,20,"last_first_exact",1
"52374","Brandon Wu","Brandon","Wu","United States",25213,"Wu, Brandon",NA,278,"last_first_exact",1
"54783","Dylan Wu","Dylan","Wu","United States",25002,"Wu, Dylan",NA,316,"last_first_exact",1
"60222","Austin Wylie","Austin","Wylie","United States",31909,"Wylie, Austin",NA,2,"last_first_exact",1
"54328","Norman Xiong","Norman","Xiong","United States",24354,"Xiong, Norman",NA,76,"last_first_exact",1
"24663","Y.E. Yang","Y.E.","Yang","Republic of Korea",6629,"Yang, Y.E.",NA,6,"last_first_exact",1
"60386","Sudarshan Yellamaraju","Sudarshan","Yellamaraju","Canada",29925,"Yellamaraju, Sudarshan",NA,41,"last_first_exact",1
"56100","Ren Yonezawa","Ren","Yonezawa","Japan",25739,"Yonezawa, Ren",NA,12,"last_first_exact",1
"57366","Cameron Young","Cameron","Young","United States",26651,"Young, Cameron",NA,364,"last_first_exact",1
"52513","Carson Young","Carson","Young","United States",23656,"Young, Carson",NA,291,"last_first_exact",1
"45242","Kevin Yu","Kevin","Yu","Chinese Taipei",17881,"Yu, Kevin",NA,272,"last_first_exact",1
"55454","Carl Yuan","Carl","Yuan","People’s Rep of China",17266,"Yuan, Carl",NA,179,"last_first_exact",1
"47483","Will Zalatoris","Will","Zalatoris","United States",19428,"Zalatoris, Will",NA,204,"last_first_exact",1
"29939","Fabrizio Zanotti","Fabrizio","Zanotti","Paraguay",9842,"Zanotti, Fabrizio",NA,26,"last_first_exact",1
"61431","Yanhan Zhou","Yanhan","Zhou","People’s Rep of China",29119,"Zhou, Yanhan",NA,2,"last_first_exact",1
"52215","Robert MacIntyre","Robert","MacIntyre","Scotland",23323,"MacIntyre, Robert",NA,201,"name_key_fallback_max_rounds",0.5
"50823","Tom McKibbin","Tom","McKibbin","Northern Ireland",22322,"Mckibbin, Tom",NA,12,"name_key_fallback_max_rounds",0.5
"40006","Erik van Rooyen","Erik","van Rooyen","South Africa",17550,"van Rooyen, Erik",NA,272,"name_key_fallback_max_rounds",0.5
"58132","Kieron van Wyk","Kieron","van Wyk","South Africa",27300,"Van Wyk, Kieron",NA,6,"name_key_fallback_max_rounds",0.5
"69503","Tyler Wilkes","Tyler","Wilkes","United States",10069503,"Wilkes, Tyler",NA,4,"name_key_fallback_max_rounds",0.5
